Seq,r1,r2
GSGSGSGMDKSSIANKIEAY,0,0
GSGSGMDKSSIANKIEAYLG,0,0
GSGMDKSSIANKIEAYLGAK,0,8
GMDKSSIANKIEAYLGAKSD,0,0
DKSSIANKIEAYLGAKSDDS,0,1
SSIANKIEAYLGAKSDDSKI,0,0
IANKIEAYLGAKSDDSKIDQ,0,0
NKIEAYLGAKSDDSKIDQSL,3,2
IEAYLGAKSDDSKIDQSLKA,10,0
AYLGAKSDDSKIDQSLKADP,0,0
LGAKSDDSKIDQSLKADPSE,0,0
AKSDDSKIDQSLKADPSEVQ,0,0
SDDSKIDQSLKADPSEVQYY,0,77
DSKIDQSLKADPSEVQYYGS,0,0
KIDQSLKADPSEVQYYGSGG,0,0
DQSLKADPSEVQYYGSGGDG,0,1
SLKADPSEVQYYGSGGDGYY,3,0
KADPSEVQYYGSGGDGYYLR,0,0
DPSEVQYYGSGGDGYYLRKN,0,2.5
SEVQYYGSGGDGYYLRKNIC,0,0
VQYYGSGGDGYYLRKNICKI,0,0
YYGSGGDGYYLRKNICKITV,1,0
GSGGDGYYLRKNICKITVNH,0,0
GGDGYYLRKNICKITVNHSD,0,0
DGYYLRKNICKITVNHSDSG,0,0
YYLRKNICKITVNHSDSGTN,0,2.5
LRKNICKITVNHSDSGTNDP,0,0
KNICKITVNHSDSGTNDPCD,0,0
ICKITVNHSDSGTNDPCDRI,0,0
KITVNHSDSGTNDPCDRIPP,0,1
TVNHSDSGTNDPCDRIPPPY,3.5,0
NHSDSGTNDPCDRIPPPYGD,2,0
SDSGTNDPCDRIPPPYGDND,0,0
SGTNDPCDRIPPPYGDNDQW,2,5
TNDPCDRIPPPYGDNDQWKC,1,5
DPCDRIPPPYGDNDQWKCAI,3,0
CDRIPPPYGDNDQWKCAIIL,5,0
RIPPPYGDNDQWKCAIILSK,12,0
PPPYGDNDQWKCAIILSKVS,5,4
PYGDNDQWKCAIILSKVSEK,0,0
GDNDQWKCAIILSKVSEKPE,0,0
NDQWKCAIILSKVSEKPENV,0,5
QWKCAIILSKVSEKPENVFV,0,5
KCAIILSKVSEKPENVFVPP,0,1
AIILSKVSEKPENVFVPPRR,1,0
ILSKVSEKPENVFVPPRRQR,0,0
SKVSEKPENVFVPPRRQRMC,0,2
VSEKPENVFVPPRRQRMCIN,0.5,0
EKPENVFVPPRRQRMCINNL,0,0
PENVFVPPRRQRMCINNLEK,3,0
NVFVPPRRQRMCINNLEKLN,3,0
FVPPRRQRMCINNLEKLNVD,0.5,0
PPRRQRMCINNLEKLNVDKI,0,0
RRQRMCINNLEKLNVDKIRD,3,0
QRMCINNLEKLNVDKIRDKH,1,0
MCINNLEKLNVDKIRDKHAF,0,2
INNLEKLNVDKIRDKHAFLA,0,0
NLEKLNVDKIRDKHAFLADV,0,1
EKLNVDKIRDKHAFLADVLL,0,2.5
LNVDKIRDKHAFLADVLLTA,0,2
VDKIRDKHAFLADVLLTARN,0,0
KIRDKHAFLADVLLTARNEG,0,0
RDKHAFLADVLLTARNEGER,0,0
KHAFLADVLLTARNEGERIV,0,0
AFLADVLLTARNEGERIVQN,0,0
LADVLLTARNEGERIVQNHP,0,0
DVLLTARNEGERIVQNHPDT,0,0
LLTARNEGERIVQNHPDTNS,0,0
TARNEGERIVQNHPDTNSSN,0,0
RNEGERIVQNHPDTNSSNVC,2,0
EGERIVQNHPDTNSSNVCNA,0,0
ERIVQNHPDTNSSNVCNALE,0,0
IVQNHPDTNSSNVCNALERS,2,0
QNHPDTNSSNVCNALERSFA,0,0
HPDTNSSNVCNALERSFADI,1,2
DTNSSNVCNALERSFADIAD,1,0
NSSNVCNALERSFADIADII,3,0
SNVCNALERSFADIADIIRG,0,1
VCNALERSFADIADIIRGTD,0,0
NALERSFADIADIIRGTDLW,4,7
LERSFADIADIIRGTDLWKG,5,1
RSFADIADIIRGTDLWKGTN,4,0
FADIADIIRGTDLWKGTNSN,0,0
DIADIIRGTDLWKGTNSNLE,7,0
ADIIRGTDLWKGTNSNLEQN,0,1.5
IIRGTDLWKGTNSNLEQNLK,0,5
RGTDLWKGTNSNLEQNLKQM,0,0
TDLWKGTNSNLEQNLKQMFA,0,0
LWKGTNSNLEQNLKQMFAKI,0,0
KGTNSNLEQNLKQMFAKIRE,0,5
TNSNLEQNLKQMFAKIREND,0,0
SNLEQNLKQMFAKIRENDKV,0,0
LEQNLKQMFAKIRENDKVLQ,4,0
QNLKQMFAKIRENDKVLQDK,0,0
LKQMFAKIRENDKVLQDKYP,0,0
QMFAKIRENDKVLQDKYPKD,2,1
FAKIRENDKVLQDKYPKDQN,0,1
KIRENDKVLQDKYPKDQNYR,0,0
RENDKVLQDKYPKDQNYRKL,0,7
NDKVLQDKYPKDQNYRKLRE,0,0
KVLQDKYPKDQNYRKLREDW,0,0
LQDKYPKDQNYRKLREDWWN,0,4
DKYPKDQNYRKLREDWWNAN,0,0
YPKDQNYRKLREDWWNANRQ,0,3
KDQNYRKLREDWWNANRQKV,0,0
QNYRKLREDWWNANRQKVWE,0,0
YRKLREDWWNANRQKVWEVI,0,2.5
KLREDWWNANRQKVWEVITC,0,0
REDWWNANRQKVWEVITCGA,0.5,0
DWWNANRQKVWEVITCGARS,1,3
WNANRQKVWEVITCGARSND,0,1
ANRQKVWEVITCGARSNDLL,0,4
RQKVWEVITCGARSNDLLIK,3,1
KVWEVITCGARSNDLLIKRG,10,0
WEVITCGARSNDLLIKRGWR,3,0
VITCGARSNDLLIKRGWRTS,0,8
TCGARSNDLLIKRGWRTSGK,0,6
GARSNDLLIKRGWRTSGKSN,0,0
RSNDLLIKRGWRTSGKSNGD,0,1
NDLLIKRGWRTSGKSNGDNK,0,0
LLIKRGWRTSGKSNGDNKLE,1,1
IKRGWRTSGKSNGDNKLELC,2,0
RGWRTSGKSNGDNKLELCRK,4,5
WRTSGKSNGDNKLELCRKCG,3,7
TSGKSNGDNKLELCRKCGHY,6,0
GKSNGDNKLELCRKCGHYEE,3.5,3
SNGDNKLELCRKCGHYEEKV,1,4
GDNKLELCRKCGHYEEKVPT,3.5,0
NKLELCRKCGHYEEKVPTKL,5,0
LELCRKCGHYEEKVPTKLDY,4,0
LCRKCGHYEEKVPTKLDYVP,0,0
RKCGHYEEKVPTKLDYVPQF,0,0
CGHYEEKVPTKLDYVPQFLR,0,0
HYEEKVPTKLDYVPQFLRWL,2,0
EEKVPTKLDYVPQFLRWLTE,0,0
KVPTKLDYVPQFLRWLTEWI,1.5,0
PTKLDYVPQFLRWLTEWIED,4,0
KLDYVPQFLRWLTEWIEDFY,4,2
DYVPQFLRWLTEWIEDFYRE,0,0
VPQFLRWLTEWIEDFYREKQ,90.5,0
QFLRWLTEWIEDFYREKQNL,0,0
LRWLTEWIEDFYREKQNLID,5,0
WLTEWIEDFYREKQNLIDDM,1,0
TEWIEDFYREKQNLIDDMER,2,0
WIEDFYREKQNLIDDMERHR,0,0
EDFYREKQNLIDDMERHREE,0,0
FYREKQNLIDDMERHREECT,0,0
REKQNLIDDMERHREECTSE,0,3
KQNLIDDMERHREECTSEDH,0,7
NLIDDMERHREECTSEDHKS,0,3
IDDMERHREECTSEDHKSKE,0,1
DMERHREECTSEDHKSKEGT,0,0
ERHREECTSEDHKSKEGTSY,0,0
HREECTSEDHKSKEGTSYCS,0,0
EECTSEDHKSKEGTSYCSTC,1,0
CTSEDHKSKEGTSYCSTCKD,0,0
SEDHKSKEGTSYCSTCKDKC,3,0
DHKSKEGTSYCSTCKDKCKK,0,0
KSKEGTSYCSTCKDKCKKYC,1,2
KEGTSYCSTCKDKCKKYCEC,0,8
GTSYCSTCKDKCKKYCECVK,0,15
SYCSTCKDKCKKYCECVKKW,2,2
CSTCKDKCKKYCECVKKWKS,4.5,0
TCKDKCKKYCECVKKWKSEW,4,0
KDKCKKYCECVKKWKSEWEN,2,0
KCKKYCECVKKWKSEWENQK,0,3
KKYCECVKKWKSEWENQKNK,0,0
YCECVKKWKSEWENQKNKYT,101,102
ECVKKWKSEWENQKNKYTEL,2,0
VKKWKSEWENQKNKYTELYQ,1,0
KWKSEWENQKNKYTELYQQN,1,0
KSEWENQKNKYTELYQQNKN,0,0
EWENQKNKYTELYQQNKNET,0,0
ENQKNKYTELYQQNKNETSQ,0,0
QKNKYTELYQQNKNETSQKN,0,0
NKYTELYQQNKNETSQKNTS,0,0
YTELYQQNKNETSQKNTSRY,7,0
ELYQQNKNETSQKNTSRYDD,0,0
YQQNKNETSQKNTSRYDDYV,0,0
QNKNETSQKNTSRYDDYVKD,0,1
KNETSQKNTSRYDDYVKDFF,0,3
ETSQKNTSRYDDYVKDFFKK,2,1
SQKNTSRYDDYVKDFFKKLE,11.5,5
KNTSRYDDYVKDFFKKLEAN,5,2
TSRYDDYVKDFFKKLEANYS,1,0
RYDDYVKDFFKKLEANYSSL,0,0
DDYVKDFFKKLEANYSSLEN,0,0
YVKDFFKKLEANYSSLENYI,2,0
KDFFKKLEANYSSLENYIKG,0,0
FFKKLEANYSSLENYIKGDP,0,0
KKLEANYSSLENYIKGDPYF,8,13
LEANYSSLENYIKGDPYFAE,2,6
ANYSSLENYIKGDPYFAEYA,0,9
YSSLENYIKGDPYFAEYATK,0,0
SLENYIKGDPYFAEYATKLS,2.5,0
ENYIKGDPYFAEYATKLSFI,1,4
YIKGDPYFAEYATKLSFILN,0,0
KGDPYFAEYATKLSFILNSS,0,0
DPYFAEYATKLSFILNSSDA,0,0
YFAEYATKLSFILNSSDANN,0,0
AEYATKLSFILNSSDANNPS,0,0
YATKLSFILNSSDANNPSEK,0,0.5
TKLSFILNSSDANNPSEKIQ,0,0
LSFILNSSDANNPSEKIQKN,0,0
FILNSSDANNPSEKIQKNND,0,0
LNSSDANNPSEKIQKNNDEV,6,0
SSDANNPSEKIQKNNDEVCN,0,0
DANNPSEKIQKNNDEVCNCN,0,0
NNPSEKIQKNNDEVCNCNES,0,0
PSEKIQKNNDEVCNCNESGI,1,0
EKIQKNNDEVCNCNESGIAS,0,0
IQKNNDEVCNCNESGIASVE,0,0
KNNDEVCNCNESGIASVEQE,2,0
NDEVCNCNESGIASVEQEQI,1,0
EVCNCNESGIASVEQEQISD,0,3
CNCNESGIASVEQEQISDPS,0,0
CNESGIASVEQEQISDPSSN,0,3
ESGIASVEQEQISDPSSNKT,0,5
GIASVEQEQISDPSSNKTCI,1,0
ASVEQEQISDPSSNKTCITH,2,0
VEQEQISDPSSNKTCITHSS,0,4
QEQISDPSSNKTCITHSSIK,1.5,0
QISDPSSNKTCITHSSIKAN,0,0
SDPSSNKTCITHSSIKANKK,3,0
PSSNKTCITHSSIKANKKKV,4,0
SNKTCITHSSIKANKKKVCK,7.5,0
KTCITHSSIKANKKKVCKHV,0,0
CITHSSIKANKKKVCKHVKL,0,0
THSSIKANKKKVCKHVKLGV,4.5,0
SSIKANKKKVCKHVKLGVRE,0,0
IKANKKKVCKHVKLGVREND,3,0
ANKKKVCKHVKLGVRENDKD,3,0
KKKVCKHVKLGVRENDKDLR,4,0
KVCKHVKLGVRENDKDLRVC,4,0
CKHVKLGVRENDKDLRVCVI,0,0
HVKLGVRENDKDLRVCVIEH,0,0
KLGVRENDKDLRVCVIEHTS,0,0
GVRENDKDLRVCVIEHTSLS,0,0
RENDKDLRVCVIEHTSLSGV,0,0
NDKDLRVCVIEHTSLSGVEN,0,0
KDLRVCVIEHTSLSGVENCC,0,0
LRVCVIEHTSLSGVENCCCQ,0,0
VCVIEHTSLSGVENCCCQDF,2,0
VIEHTSLSGVENCCCQDFLR,4,5
EHTSLSGVENCCCQDFLRIL,0,1
TSLSGVENCCCQDFLRILQE,5,0
LSGVENCCCQDFLRILQENC,4,0
GVENCCCQDFLRILQENCSD,0,0
ENCCCQDFLRILQENCSDNK,1,0
CCCQDFLRILQENCSDNKSG,0,2
CQDFLRILQENCSDNKSGSS,1,0
DFLRILQENCSDNKSGSSSN,0,0
LRILQENCSDNKSGSSSNGS,0,0
ILQENCSDNKSGSSSNGSCN,0,1
QENCSDNKSGSSSNGSCNNK,0,0
NCSDNKSGSSSNGSCNNKNQ,2,0
SDNKSGSSSNGSCNNKNQEA,0,0
NKSGSSSNGSCNNKNQEACE,0,0
SGSSSNGSCNNKNQEACEKN,0,0
SSSNGSCNNKNQEACEKNLE,0,0
SNGSCNNKNQEACEKNLEKV,2,0
GSCNNKNQEACEKNLEKVLA,0,3
CNNKNQEACEKNLEKVLASL,0,2
NKNQEACEKNLEKVLASLTN,0,0
NQEACEKNLEKVLASLTNCY,0,0
EACEKNLEKVLASLTNCYKC,0,0
CEKNLEKVLASLTNCYKCDK,0,0
KNLEKVLASLTNCYKCDKCK,10,97
LEKVLASLTNCYKCDKCKSE,0,0
KVLASLTNCYKCDKCKSEQS,0,0
LASLTNCYKCDKCKSEQSKK,84,295
SLTNCYKCDKCKSEQSKKNN,0,0
TNCYKCDKCKSEQSKKNNKN,3.5,73
CYKCDKCKSEQSKKNNKNWI,0,0
KCDKCKSEQSKKNNKNWIWK,0,0
DKCKSEQSKKNNKNWIWKKS,0,0
CKSEQSKKNNKNWIWKKSSG,0,0
SEQSKKNNKNWIWKKSSGKE,2,3.5
QSKKNNKNWIWKKSSGKEGG,0,5
KKNNKNWIWKKSSGKEGGLQ,1,2
NNKNWIWKKSSGKEGGLQKE,0,5
KNWIWKKSSGKEGGLQKEYA,4,0
WIWKKSSGKEGGLQKEYANT,0,0
WKKSSGKEGGLQKEYANTIG,1,1
KSSGKEGGLQKEYANTIGLP,0,0
SGKEGGLQKEYANTIGLPPR,1,0
KEGGLQKEYANTIGLPPRTQ,1,0
GGLQKEYANTIGLPPRTQSL,2,0
LQKEYANTIGLPPRTQSLCL,0.5,3
KEYANTIGLPPRTQSLCLVV,0,0
YANTIGLPPRTQSLCLVVCL,0,0
NTIGLPPRTQSLCLVVCLDE,0,0
IGLPPRTQSLCLVVCLDEKG,0,1
LPPRTQSLCLVVCLDEKGKK,0,0
PRTQSLCLVVCLDEKGKKTQ,0,0
TQSLCLVVCLDEKGKKTQEL,0,5
SLCLVVCLDEKGKKTQELKN,0,0
CLVVCLDEKGKKTQELKNIR,0,4.5
VVCLDEKGKKTQELKNIRTN,0,0
CLDEKGKKTQELKNIRTNSE,0,0
DEKGKKTQELKNIRTNSELL,2,0
KGKKTQELKNIRTNSELLKE,0,0
KKTQELKNIRTNSELLKEWI,8,0
TQELKNIRTNSELLKEWIIA,0,0
ELKNIRTNSELLKEWIIAAF,0,0
KNIRTNSELLKEWIIAAFHE,0,1.5
IRTNSELLKEWIIAAFHEGK,0,0
TNSELLKEWIIAAFHEGKNL,0,4
SELLKEWIIAAFHEGKNLKP,0,6
LLKEWIIAAFHEGKNLKPSH,0,0
KEWIIAAFHEGKNLKPSHEK,2,0
WIIAAFHEGKNLKPSHEKKN,3,0
IAAFHEGKNLKPSHEKKNDD,0,0
AFHEGKNLKPSHEKKNDDNG,0,0
HEGKNLKPSHEKKNDDNGKK,0,0
GKNLKPSHEKKNDDNGKKLC,0,0
NLKPSHEKKNDDNGKKLCKA,3,0
KPSHEKKNDDNGKKLCKALE,2,6
SHEKKNDDNGKKLCKALEYS,0,1
EKKNDDNGKKLCKALEYSFA,0,4.5
KNDDNGKKLCKALEYSFADY,2.5,0
DDNGKKLCKALEYSFADYGD,0,0
NGKKLCKALEYSFADYGDLI,0,0
KKLCKALEYSFADYGDLIKG,0,0
LCKALEYSFADYGDLIKGTS,0,2
KALEYSFADYGDLIKGTSIW,6,0
LEYSFADYGDLIKGTSIWDN,0,0
YSFADYGDLIKGTSIWDNEY,0,0
FADYGDLIKGTSIWDNEYTK,0,1
DYGDLIKGTSIWDNEYTKDL,3,3
GDLIKGTSIWDNEYTKDLEL,0,0
LIKGTSIWDNEYTKDLELNL,0,0
KGTSIWDNEYTKDLELNLQK,0,0
TSIWDNEYTKDLELNLQKIF,0,0
IWDNEYTKDLELNLQKIFGK,0,0
DNEYTKDLELNLQKIFGKLF,0,0
EYTKDLELNLQKIFGKLFRK,0,0.5
TKDLELNLQKIFGKLFRKYI,95,7.5
DLELNLQKIFGKLFRKYIKK,2525.5,1191
ELNLQKIFGKLFRKYIKKNN,4026,2902
NLQKIFGKLFRKYIKKNNTA,251,339
QKIFGKLFRKYIKKNNTAEQ,0,0
IFGKLFRKYIKKNNTAEQDT,1,0
GKLFRKYIKKNNTAEQDTSY,0,0
LFRKYIKKNNTAEQDTSYSS,0,0
RKYIKKNNTAEQDTSYSSLD,0,0
YIKKNNTAEQDTSYSSLDEL,0,0
KKNNTAEQDTSYSSLDELRE,1,3
NNTAEQDTSYSSLDELRESW,0.5,0
TAEQDTSYSSLDELRESWWN,0,0
EQDTSYSSLDELRESWWNTN,0,0
DTSYSSLDELRESWWNTNKK,0,0
SYSSLDELRESWWNTNKKYI,0,0
SSLDELRESWWNTNKKYIWL,2.5,0
LDELRESWWNTNKKYIWLAM,0,0
ELRESWWNTNKKYIWLAMKH,0,0
RESWWNTNKKYIWLAMKHGA,0,0
SWWNTNKKYIWLAMKHGAGM,0,0
WNTNKKYIWLAMKHGAGMNS,0,0.5
TNKKYIWLAMKHGAGMNSTT,0,0
KKYIWLAMKHGAGMNSTTCC,0,0
YIWLAMKHGAGMNSTTCCGD,0,1.5
WLAMKHGAGMNSTTCCGDGS,0,1
AMKHGAGMNSTTCCGDGSVT,1,0
KHGAGMNSTTCCGDGSVTGS,0,0
GAGMNSTTCCGDGSVTGSGS,0,0
GMNSTTCCGDGSVTGSGSSC,0,0
NSTTCCGDGSVTGSGSSCDD,2,0
TTCCGDGSVTGSGSSCDDIP,0,1.5
CCGDGSVTGSGSSCDDIPTI,0,9
GDGSVTGSGSSCDDIPTIDL,0,3
GSVTGSGSSCDDIPTIDLIP,4,6
VTGSGSSCDDIPTIDLIPQY,0,0
GSGSSCDDIPTIDLIPQYLR,0,2.5
GSSCDDIPTIDLIPQYLRFL,0,2
SCDDIPTIDLIPQYLRFLQE,0,1
DDIPTIDLIPQYLRFLQEWV,1,0
IPTIDLIPQYLRFLQEWVEH,0,4
TIDLIPQYLRFLQEWVEHFC,0,1
DLIPQYLRFLQEWVEHFCKQ,0,0
IPQYLRFLQEWVEHFCKQRQ,7,0
QYLRFLQEWVEHFCKQRQEK,0,0
LRFLQEWVEHFCKQRQEKVK,0,5
FLQEWVEHFCKQRQEKVKPV,0,0
QEWVEHFCKQRQEKVKPVIE,0,0
WVEHFCKQRQEKVKPVIENC,0,0
EHFCKQRQEKVKPVIENCKS,3,1
FCKQRQEKVKPVIENCKSCK,0,0
KQRQEKVKPVIENCKSCKES,0,0
RQEKVKPVIENCKSCKESGG,0,3
EKVKPVIENCKSCKESGGTC,3,2
VKPVIENCKSCKESGGTCNG,0,2
PVIENCKSCKESGGTCNGEC,0,0.5
IENCKSCKESGGTCNGECKT,0,6
NCKSCKESGGTCNGECKTEC,0,4
KSCKESGGTCNGECKTECKN,1,0
CKESGGTCNGECKTECKNKC,0,2
ESGGTCNGECKTECKNKCEV,0,0
GGTCNGECKTECKNKCEVYK,0,2
TCNGECKTECKNKCEVYKKF,124.5,99
NGECKTECKNKCEVYKKFIE,0,0
ECKTECKNKCEVYKKFIEDC,0,2.5
KTECKNKCEVYKKFIEDCKG,1,0
ECKNKCEVYKKFIEDCKGGD,0,0
KNKCEVYKKFIEDCKGGDGT,0,5
KCEVYKKFIEDCKGGDGTAG,1,0
EVYKKFIEDCKGGDGTAGSS,0,0
YKKFIEDCKGGDGTAGSSWV,0,0
KFIEDCKGGDGTAGSSWVKR,0,85
IEDCKGGDGTAGSSWVKRWD,0,1.5
DCKGGDGTAGSSWVKRWDQI,0,0
KGGDGTAGSSWVKRWDQIYK,0,0
GDGTAGSSWVKRWDQIYKRY,92,91
GTAGSSWVKRWDQIYKRYSK,567,857
AGSSWVKRWDQIYKRYSKYI,4,91
SSWVKRWDQIYKRYSKYIED,1,0
WVKRWDQIYKRYSKYIEDAK,0,0
KRWDQIYKRYSKYIEDAKRN,0,0
WDQIYKRYSKYIEDAKRNRK,91.5,106
QIYKRYSKYIEDAKRNRKAG,0,0
YKRYSKYIEDAKRNRKAGTK,255.5,171
RYSKYIEDAKRNRKAGTKNC,0,0
SKYIEDAKRNRKAGTKNCGP,0,0
YIEDAKRNRKAGTKNCGPSS,0,0
EDAKRNRKAGTKNCGPSSTT,0,1
AKRNRKAGTKNCGPSSTTNA,0,5
RNRKAGTKNCGPSSTTNAAE,0,0
RKAGTKNCGPSSTTNAAENK,0,0
AGTKNCGPSSTTNAAENKCV,0,2
TKNCGPSSTTNAAENKCVQS,0,0
NCGPSSTTNAAENKCVQSDI,2,4
GPSSTTNAAENKCVQSDIDS,0.5,2
SSTTNAAENKCVQSDIDSFF,0,1
TTNAAENKCVQSDIDSFFKH,0,0
NAAENKCVQSDIDSFFKHLI,1,0
AENKCVQSDIDSFFKHLIDI,0,0
NKCVQSDIDSFFKHLIDIGL,0,0
CVQSDIDSFFKHLIDIGLTT,0,0
QSDIDSFFKHLIDIGLTTPS,0,0
DIDSFFKHLIDIGLTTPSSY,0,2
DSFFKHLIDIGLTTPSSYLS,0,2
FFKHLIDIGLTTPSSYLSIV,0,0
KHLIDIGLTTPSSYLSIVLD,0,0
LIDIGLTTPSSYLSIVLDDN,0,0
DIGLTTPSSYLSIVLDDNIC,2,0
GLTTPSSYLSIVLDDNICGA,1,0
TTPSSYLSIVLDDNICGADK,0,0
PSSYLSIVLDDNICGADKAP,0,0
SYLSIVLDDNICGADKAPWT,1,0
LSIVLDDNICGADKAPWTTY,0,4
IVLDDNICGADKAPWTTYTT,0,0
LDDNICGADKAPWTTYTTYT,4,1
DNICGADKAPWTTYTTYTTT,0,4
ICGADKAPWTTYTTYTTTEK,0,0
GADKAPWTTYTTYTTTEKCN,3,0
DKAPWTTYTTYTTTEKCNKE,0,1
APWTTYTTYTTTEKCNKETD,0,2
WTTYTTYTTTEKCNKETDKS,0,3
TYTTYTTTEKCNKETDKSKL,1,0
TTYTTTEKCNKETDKSKLQQ,0,0
YTTTEKCNKETDKSKLQQCN,1.5,0
TTEKCNKETDKSKLQQCNTA,0,0
EKCNKETDKSKLQQCNTAVV,0,0
CNKETDKSKLQQCNTAVVVN,0,0
KETDKSKLQQCNTAVVVNVP,0,0
TDKSKLQQCNTAVVVNVPSP,0,0
KSKLQQCNTAVVVNVPSPLG,0,0
KLQQCNTAVVVNVPSPLGNT,0,0
QQCNTAVVVNVPSPLGNTPH,0,0
CNTAVVVNVPSPLGNTPHGY,1,0
TAVVVNVPSPLGNTPHGYKY,5,0
VVVNVPSPLGNTPHGYKYAC,0,0
VNVPSPLGNTPHGYKYACQC,0,1.5
VPSPLGNTPHGYKYACQCKI,0,0
SPLGNTPHGYKYACQCKIPT,0,0
LGNTPHGYKYACQCKIPTNE,0,0
NTPHGYKYACQCKIPTNEET,0,0
PHGYKYACQCKIPTNEETCD,6,0
GYKYACQCKIPTNEETCDDR,0,93
KYACQCKIPTNEETCDDRKE,0,0
ACQCKIPTNEETCDDRKEYM,0,0
QCKIPTNEETCDDRKEYMNQ,0,0
KIPTNEETCDDRKEYMNQWS,0,0
PTNEETCDDRKEYMNQWSCG,2,0
NEETCDDRKEYMNQWSCGSA,0,5
ETCDDRKEYMNQWSCGSART,0,0
CDDRKEYMNQWSCGSARTMK,0,0
DRKEYMNQWSCGSARTMKRG,5,4
KEYMNQWSCGSARTMKRGYK,100,104
YMNQWSCGSARTMKRGYKND,0,1
NQWSCGSARTMKRGYKNDNY,2.5,0
WSCGSARTMKRGYKNDNYEL,0,0
CGSARTMKRGYKNDNYELCK,0,0
SARTMKRGYKNDNYELCKYN,1,0
RTMKRGYKNDNYELCKYNGV,0,0
MKRGYKNDNYELCKYNGVDV,0,1
RGYKNDNYELCKYNGVDVKP,0,0
YKNDNYELCKYNGVDVKPTT,0,0
NDNYELCKYNGVDVKPTTVR,0,0
NYELCKYNGVDVKPTTVRSN,0,3
ELCKYNGVDVKPTTVRSNSS,0,3
CKYNGVDVKPTTVRSNSSKL,0,0
YNGVDVKPTTVRSNSSKLDD,0,0
GVDVKPTTVRSNSSKLDDKD,0,0
DVKPTTVRSNSSKLDDKDVT,0,0
KPTTVRSNSSKLDDKDVTFF,2,1
TTVRSNSSKLDDKDVTFFNL,0,1
VRSNSSKLDDKDVTFFNLFE,0,0
SNSSKLDDKDVTFFNLFEQW,0,0
SSKLDDKDVTFFNLFEQWNK,3,1
KLDDKDVTFFNLFEQWNKEI,0,2
DDKDVTFFNLFEQWNKEIQY,0,0
KDVTFFNLFEQWNKEIQYQI,4,0
VTFFNLFEQWNKEIQYQIEQ,3,0
FFNLFEQWNKEIQYQIEQYM,0,2
NLFEQWNKEIQYQIEQYMTN,0,1
FEQWNKEIQYQIEQYMTNTK,0,3
QWNKEIQYQIEQYMTNTKIS,0,1.5
NKEIQYQIEQYMTNTKISCN,0,0
EIQYQIEQYMTNTKISCNNE,0,0
QYQIEQYMTNTKISCNNEKN,0,0
QIEQYMTNTKISCNNEKNVL,0,1
EQYMTNTKISCNNEKNVLSR,0,2
YMTNTKISCNNEKNVLSRVS,0,2.5
TNTKISCNNEKNVLSRVSDE,3,0
TKISCNNEKNVLSRVSDEAA,0,0
ISCNNEKNVLSRVSDEAAQP,0,0
CNNEKNVLSRVSDEAAQPKF,0,0
NEKNVLSRVSDEAAQPKFSD,0,0
KNVLSRVSDEAAQPKFSDNE,2,0
VLSRVSDEAAQPKFSDNERD,1.5,4
SRVSDEAAQPKFSDNERDRN,3,0
VSDEAAQPKFSDNERDRNSI,0,1
DEAAQPKFSDNERDRNSITH,0,0
AAQPKFSDNERDRNSITHED,0,1
QPKFSDNERDRNSITHEDKN,0,0
KFSDNERDRNSITHEDKNCK,0,3.5
SDNERDRNSITHEDKNCKEK,2,0
NERDRNSITHEDKNCKEKCK,2.5,0
RDRNSITHEDKNCKEKCKCY,0,10
RNSITHEDKNCKEKCKCYSL,0,0
SITHEDKNCKEKCKCYSLWI,4,0
THEDKNCKEKCKCYSLWIEK,2,0
EDKNCKEKCKCYSLWIEKIN,0,0
KNCKEKCKCYSLWIEKINDQ,0,0
CKEKCKCYSLWIEKINDQWD,2,0
EKCKCYSLWIEKINDQWDKQ,0,3
CKCYSLWIEKINDQWDKQKD,0,0
CYSLWIEKINDQWDKQKDNY,0,0
SLWIEKINDQWDKQKDNYNK,0,0
WIEKINDQWDKQKDNYNKFQ,0,0
EKINDQWDKQKDNYNKFQRK,109.5,0
INDQWDKQKDNYNKFQRKQI,0,0
DQWDKQKDNYNKFQRKQIYD,0,0
WDKQKDNYNKFQRKQIYDAN,0,1
KQKDNYNKFQRKQIYDANKG,0,0
KDNYNKFQRKQIYDANKGSQ,3,0
NYNKFQRKQIYDANKGSQNK,1,0
NKFQRKQIYDANKGSQNKKV,0,0
FQRKQIYDANKGSQNKKVVS,0,7
RKQIYDANKGSQNKKVVSLS,0,0
QIYDANKGSQNKKVVSLSNF,0,0
YDANKGSQNKKVVSLSNFLF,0,0
ANKGSQNKKVVSLSNFLFFS,0,0
KGSQNKKVVSLSNFLFFSCW,1,1
SQNKKVVSLSNFLFFSCWEE,0,0
NKKVVSLSNFLFFSCWEEYI,0,0
KVVSLSNFLFFSCWEEYIQK,0,0
VSLSNFLFFSCWEEYIQKYF,0,1
LSNFLFFSCWEEYIQKYFNG,0,0
NFLFFSCWEEYIQKYFNGDW,0,0
LFFSCWEEYIQKYFNGDWSK,0,0
FSCWEEYIQKYFNGDWSKIK,8,2
CWEEYIQKYFNGDWSKIKNI,0,5
EEYIQKYFNGDWSKIKNIGS,0,4
YIQKYFNGDWSKIKNIGSDT,0,3
QKYFNGDWSKIKNIGSDTFE,1,0
YFNGDWSKIKNIGSDTFEFL,4.5,0
NGDWSKIKNIGSDTFEFLIK,1,0
DWSKIKNIGSDTFEFLIKKC,1,0
SKIKNIGSDTFEFLIKKCGN,0,0
IKNIGSDTFEFLIKKCGNDS,0,6
NIGSDTFEFLIKKCGNDSGD,0,3
GSDTFEFLIKKCGNDSGDGE,0,1
DTFEFLIKKCGNDSGDGETI,0.5,0
FEFLIKKCGNDSGDGETIFS,4,0
FLIKKCGNDSGDGETIFSEK,0,0
IKKCGNDSGDGETIFSEKLN,0,0
KCGNDSGDGETIFSEKLNNA,0,0
GNDSGDGETIFSEKLNNAEK,0,0
DSGDGETIFSEKLNNAEKKC,8.5,0
GDGETIFSEKLNNAEKKCKE,1,0.5
GETIFSEKLNNAEKKCKENE,0,0
TIFSEKLNNAEKKCKENEST,0,0
FSEKLNNAEKKCKENESTNN,0,0
EKLNNAEKKCKENESTNNKM,2,0
LNNAEKKCKENESTNNKMKS,0,0
NAEKKCKENESTNNKMKSSE,0,0
EKKCKENESTNNKMKSSETS,0,0
KCKENESTNNKMKSSETSCD,0,0
KENESTNNKMKSSETSCDCS,0,0
NESTNNKMKSSETSCDCSEP,0,1
STNNKMKSSETSCDCSEPIY,3,3
NNKMKSSETSCDCSEPIYIR,2,4
KMKSSETSCDCSEPIYIRGC,0,0
KSSETSCDCSEPIYIRGCQP,0,0
SETSCDCSEPIYIRGCQPKI,0,2
TSCDCSEPIYIRGCQPKIYD,0,0
CDCSEPIYIRGCQPKIYDGK,0,0
CSEPIYIRGCQPKIYDGKIF,0.5,2.5
EPIYIRGCQPKIYDGKIFPG,2,0
IYIRGCQPKIYDGKIFPGKG,1,0
IRGCQPKIYDGKIFPGKGGE,83.5,4
GCQPKIYDGKIFPGKGGEKQ,0,0
QPKIYDGKIFPGKGGEKQWI,0,3.5
KIYDGKIFPGKGGEKQWICK,1,0
YDGKIFPGKGGEKQWICKDT,0,2
GKIFPGKGGEKQWICKDTII,0,0
IFPGKGGEKQWICKDTIIHG,0,5
PGKGGEKQWICKDTIIHGDT,0,0
KGGEKQWICKDTIIHGDTNG,0,0
GEKQWICKDTIIHGDTNGAC,2,0
KQWICKDTIIHGDTNGACIP,0,0
WICKDTIIHGDTNGACIPPR,0.5,7
CKDTIIHGDTNGACIPPRTQ,0,2
DTIIHGDTNGACIPPRTQNL,0,0
IIHGDTNGACIPPRTQNLCV,2,0
HGDTNGACIPPRTQNLCVGE,3.5,0
DTNGACIPPRTQNLCVGELW,0,4
NGACIPPRTQNLCVGELWDK,0,0
ACIPPRTQNLCVGELWDKRY,0,0
IPPRTQNLCVGELWDKRYGG,6,0
PRTQNLCVGELWDKRYGGRS,0,0
TQNLCVGELWDKRYGGRSNI,0,1
NLCVGELWDKRYGGRSNIKN,0,0
CVGELWDKRYGGRSNIKNDT,0,0
GELWDKRYGGRSNIKNDTKE,0,0
LWDKRYGGRSNIKNDTKESL,0,0
DKRYGGRSNIKNDTKESLKQ,2,0
RYGGRSNIKNDTKESLKQKI,0,0
GGRSNIKNDTKESLKQKIKN,7,0
RSNIKNDTKESLKQKIKNAI,0,0
NIKNDTKESLKQKIKNAIQK,3,0
KNDTKESLKQKIKNAIQKET,0,0
DTKESLKQKIKNAIQKETEL,0,0
KESLKQKIKNAIQKETELLY,0,0
SLKQKIKNAIQKETELLYEY,1,0
KQKIKNAIQKETELLYEYHD,0,6.5
KIKNAIQKETELLYEYHDKG,0,3
KNAIQKETELLYEYHDKGTA,1,0
AIQKETELLYEYHDKGTAII,0,1
QKETELLYEYHDKGTAIISR,2,0
ETELLYEYHDKGTAIISRNP,0,0
ELLYEYHDKGTAIISRNPMK,1,0
LYEYHDKGTAIISRNPMKGQ,8,3
EYHDKGTAIISRNPMKGQKE,0,0
HDKGTAIISRNPMKGQKEKE,0,0
KGTAIISRNPMKGQKEKEEK,0,0
TAIISRNPMKGQKEKEEKNN,0,0
IISRNPMKGQKEKEEKNNDS,0,0
SRNPMKGQKEKEEKNNDSNG,0,0
NPMKGQKEKEEKNNDSNGLP,0,0
MKGQKEKEEKNNDSNGLPKG,0,2
GQKEKEEKNNDSNGLPKGFC,1,0
KEKEEKNNDSNGLPKGFCHA,0,0
KEEKNNDSNGLPKGFCHAVQ,1,0
EKNNDSNGLPKGFCHAVQRS,6,0
NNDSNGLPKGFCHAVQRSFI,2,0
DSNGLPKGFCHAVQRSFIDY,0,0
NGLPKGFCHAVQRSFIDYKN,0,0
LPKGFCHAVQRSFIDYKNMI,2,0
KGFCHAVQRSFIDYKNMILG,0,2
FCHAVQRSFIDYKNMILGTS,0,0
HAVQRSFIDYKNMILGTSVN,0,0
VQRSFIDYKNMILGTSVNIY,0,2
RSFIDYKNMILGTSVNIYEY,0,0
FIDYKNMILGTSVNIYEYIG,2,87.5
DYKNMILGTSVNIYEYIGKL,1,4
KNMILGTSVNIYEYIGKLQE,0,0
MILGTSVNIYEYIGKLQEDI,0,0
LGTSVNIYEYIGKLQEDIKK,0,0
TSVNIYEYIGKLQEDIKKII,0,0
VNIYEYIGKLQEDIKKIIEK,0,0
IYEYIGKLQEDIKKIIEKGT,1,1
EYIGKLQEDIKKIIEKGTTK,0,2
IGKLQEDIKKIIEKGTTKQN,3,0
KLQEDIKKIIEKGTTKQNGK,5.5,0
QEDIKKIIEKGTTKQNGKTV,1,0
DIKKIIEKGTTKQNGKTVGS,0,0
KKIIEKGTTKQNGKTVGSGA,0,0
IIEKGTTKQNGKTVGSGAEN,0,1
EKGTTKQNGKTVGSGAENVN,0,0
GTTKQNGKTVGSGAENVNAW,0,0
TKQNGKTVGSGAENVNAWWK,0,0
QNGKTVGSGAENVNAWWKGI,0,0
GKTVGSGAENVNAWWKGIEG,1,0
TVGSGAENVNAWWKGIEGEM,6,0
GSGAENVNAWWKGIEGEMWD,0,0
GAENVNAWWKGIEGEMWDAV,0,0
ENVNAWWKGIEGEMWDAVRC,0,1
VNAWWKGIEGEMWDAVRCAI,0,0
AWWKGIEGEMWDAVRCAITK,0,0
WKGIEGEMWDAVRCAITKIN,0,0
GIEGEMWDAVRCAITKINKK,1,0
EGEMWDAVRCAITKINKKQK,7,0
EMWDAVRCAITKINKKQKKN,6.5,0
WDAVRCAITKINKKQKKNGT,1,0
AVRCAITKINKKQKKNGTFS,0,2
RCAITKINKKQKKNGTFSID,0,0
AITKINKKQKKNGTFSIDEC,0,0
TKINKKQKKNGTFSIDECGI,7,6
INKKQKKNGTFSIDECGIFP,3,3
KKQKKNGTFSIDECGIFPPT,1,0
QKKNGTFSIDECGIFPPTGN,0,0
KNGTFSIDECGIFPPTGNDE,0,0
GTFSIDECGIFPPTGNDEDQ,0,0
FSIDECGIFPPTGNDEDQSV,0,0
IDECGIFPPTGNDEDQSVSW,0,1.5
ECGIFPPTGNDEDQSVSWFK,2,10
GIFPPTGNDEDQSVSWFKEW,0,0
FPPTGNDEDQSVSWFKEWSE,3.5,0
PTGNDEDQSVSWFKEWSEQF,2.5,2
GNDEDQSVSWFKEWSEQFCI,0,5
DEDQSVSWFKEWSEQFCIER,0.5,0
DQSVSWFKEWSEQFCIERLQ,0,0
SVSWFKEWSEQFCIERLQYE,2,0
SWFKEWSEQFCIERLQYEKN,0,0
FKEWSEQFCIERLQYEKNIR,0,1
EWSEQFCIERLQYEKNIRDA,0,0
SEQFCIERLQYEKNIRDACT,1,2
QFCIERLQYEKNIRDACTNN,0,0
CIERLQYEKNIRDACTNNGQ,5,0
ERLQYEKNIRDACTNNGQGD,2,0
LQYEKNIRDACTNNGQGDKI,0,0
YEKNIRDACTNNGQGDKIQG,9,0
KNIRDACTNNGQGDKIQGDC,1,1
IRDACTNNGQGDKIQGDCKR,0,0
DACTNNGQGDKIQGDCKRKC,0,3
CTNNGQGDKIQGDCKRKCEE,2,0
NNGQGDKIQGDCKRKCEEYK,0,1
GQGDKIQGDCKRKCEEYKKY,0,97
GDKIQGDCKRKCEEYKKYIS,98.5,99
KIQGDCKRKCEEYKKYISEK,99,89
QGDCKRKCEEYKKYISEKKQ,97,108
DCKRKCEEYKKYISEKKQEW,2.5,0
KRKCEEYKKYISEKKQEWDK,0,1
KCEEYKKYISEKKQEWDKQK,95,104.5
EEYKKYISEKKQEWDKQKTK,111.5,1531
YKKYISEKKQEWDKQKTKYE,0,0
KYISEKKQEWDKQKTKYENK,166,102
ISEKKQEWDKQKTKYENKYV,99,154
EKKQEWDKQKTKYENKYVGK,100,122.5
KQEWDKQKTKYENKYVGKSA,33365,3464
EWDKQKTKYENKYVGKSASD,73,524
DKQKTKYENKYVGKSASDLL,79.5,82
QKTKYENKYVGKSASDLLKE,0,0
TKYENKYVGKSASDLLKENY,0,0
YENKYVGKSASDLLKENYPE,0,3
NKYVGKSASDLLKENYPECI,2,1
YVGKSASDLLKENYPECISA,3,0
GKSASDLLKENYPECISANF,0,2
SASDLLKENYPECISANFDF,0,0
SDLLKENYPECISANFDFIF,6,0
LLKENYPECISANFDFIFND,0,0
KENYPECISANFDFIFNDNI,3,0
NYPECISANFDFIFNDNIEY,1,1
PECISANFDFIFNDNIEYKT,0,0
CISANFDFIFNDNIEYKTYY,0,0
SANFDFIFNDNIEYKTYYPY,2,0
NFDFIFNDNIEYKTYYPYGD,0,0
DFIFNDNIEYKTYYPYGDYS,3,4
IFNDNIEYKTYYPYGDYSSI,3,0
NDNIEYKTYYPYGDYSSICS,0.5,3
NIEYKTYYPYGDYSSICSCE,0,0
EYKTYYPYGDYSSICSCEQV,0,3
KTYYPYGDYSSICSCEQVKY,6,6
YYPYGDYSSICSCEQVKYYE,3.5,2
PYGDYSSICSCEQVKYYEYN,2,9
GDYSSICSCEQVKYYEYNNA,0,0
YSSICSCEQVKYYEYNNAEK,8,1
SICSCEQVKYYEYNNAEKKN,2,0
CSCEQVKYYEYNNAEKKNNK,0,2
CEQVKYYEYNNAEKKNNKSL,0,1.5
QVKYYEYNNAEKKNNKSLCH,0,0
KYYEYNNAEKKNNKSLCHEK,2,1
YEYNNAEKKNNKSLCHEKGN,0,0
YNNAEKKNNKSLCHEKGNDR,0,0
NAEKKNNKSLCHEKGNDRTW,0,0
EKKNNKSLCHEKGNDRTWSK,0,0
KNNKSLCHEKGNDRTWSKKY,0,0
NKSLCHEKGNDRTWSKKYIK,87,245
SLCHEKGNDRTWSKKYIKKL,1574,1137
CHEKGNDRTWSKKYIKKLEN,336,140
EKGNDRTWSKKYIKKLENGR,80,81
GNDRTWSKKYIKKLENGRTL,85,80
DRTWSKKYIKKLENGRTLEG,91,0
TWSKKYIKKLENGRTLEGVY,9,0
SKKYIKKLENGRTLEGVYVP,9,4.5
KYIKKLENGRTLEGVYVPPR,0,1
IKKLENGRTLEGVYVPPRRQ,0,0
KLENGRTLEGVYVPPRRQQL,0,2
ENGRTLEGVYVPPRRQQLCL,0,0
GRTLEGVYVPPRRQQLCLYE,0,2
TLEGVYVPPRRQQLCLYELF,0,3
EGVYVPPRRQQLCLYELFPI,0,4
VYVPPRRQQLCLYELFPIII,0,0
VPPRRQQLCLYELFPIIIKN,0,0
PRRQQLCLYELFPIIIKNKN,2,0
RQQLCLYELFPIIIKNKNDI,0,0
QLCLYELFPIIIKNKNDITN,0,0
CLYELFPIIIKNKNDITNAK,0,0
YELFPIIIKNKNDITNAKKE,0,0
LFPIIIKNKNDITNAKKELL,0,0
PIIIKNKNDITNAKKELLET,0,0
IIKNKNDITNAKKELLETLQ,0,0
KNKNDITNAKKELLETLQIV,0,0
KNDITNAKKELLETLQIVAE,0,0
DITNAKKELLETLQIVAERE,0,8
TNAKKELLETLQIVAEREAY,0,0
AKKELLETLQIVAEREAYYL,0,0
KELLETLQIVAEREAYYLWK,0,0
LLETLQIVAEREAYYLWKQY,0,1.5
ETLQIVAEREAYYLWKQYHA,0,0
LQIVAEREAYYLWKQYHAHN,0,3
IVAEREAYYLWKQYHAHNDT,0,0
AEREAYYLWKQYHAHNDTTY,0,2
REAYYLWKQYHAHNDTTYLA,1,4
AYYLWKQYHAHNDTTYLAHK,0,0
YLWKQYHAHNDTTYLAHKKA,0,0
WKQYHAHNDTTYLAHKKACC,0,0
QYHAHNDTTYLAHKKACCAI,5.5,0
HAHNDTTYLAHKKACCAIRG,0,0
HNDTTYLAHKKACCAIRGSF,0,0
DTTYLAHKKACCAIRGSFYD,5,0
TYLAHKKACCAIRGSFYDLE,0,3
LAHKKACCAIRGSFYDLEDI,1,0
HKKACCAIRGSFYDLEDIIK,0,0
KACCAIRGSFYDLEDIIKGN,0,2
CCAIRGSFYDLEDIIKGNDL,3,0
AIRGSFYDLEDIIKGNDLVH,0,0
RGSFYDLEDIIKGNDLVHDE,1,0
SFYDLEDIIKGNDLVHDEYT,2,0
YDLEDIIKGNDLVHDEYTKY,0,0
LEDIIKGNDLVHDEYTKYID,1,1
DIIKGNDLVHDEYTKYIDSK,0,0
IKGNDLVHDEYTKYIDSKLN,5,0
GNDLVHDEYTKYIDSKLNEI,0,0
DLVHDEYTKYIDSKLNEIFD,0,0
VHDEYTKYIDSKLNEIFDSS,0,2
DEYTKYIDSKLNEIFDSSNK,2,6.5
YTKYIDSKLNEIFDSSNKND,0,0
KYIDSKLNEIFDSSNKNDIE,0,2
IDSKLNEIFDSSNKNDIETK,0,0
SKLNEIFDSSNKNDIETKRA,0,0
LNEIFDSSNKNDIETKRART,0,0
EIFDSSNKNDIETKRARTDW,0,0
FDSSNKNDIETKRARTDWWE,7,0.5
SSNKNDIETKRARTDWWENE,2,1
NKNDIETKRARTDWWENEAI,0,0
NDIETKRARTDWWENEAIAV,0,0
IETKRARTDWWENEAIAVPN,0,0
TKRARTDWWENEAIAVPNIT,1,0
RARTDWWENEAIAVPNITGA,0,0
RTDWWENEAIAVPNITGANK,0,0
DWWENEAIAVPNITGANKSD,0,0
WENEAIAVPNITGANKSDPK,0.5,0
NEAIAVPNITGANKSDPKTI,2,0
AIAVPNITGANKSDPKTIRQ,0,0
AVPNITGANKSDPKTIRQLV,0,0
PNITGANKSDPKTIRQLVWD,2.5,0
ITGANKSDPKTIRQLVWDAM,4,0
GANKSDPKTIRQLVWDAMQS,0,5.5
NKSDPKTIRQLVWDAMQSGV,5,7
SDPKTIRQLVWDAMQSGVRK,0,2
PKTIRQLVWDAMQSGVRKAI,0,0
TIRQLVWDAMQSGVRKAIDE,0,0
RQLVWDAMQSGVRKAIDEEK,0,0
LVWDAMQSGVRKAIDEEKEK,0,0
WDAMQSGVRKAIDEEKEKKK,90,0
AMQSGVRKAIDEEKEKKKPN,0,0
QSGVRKAIDEEKEKKKPNEN,1,0
GVRKAIDEEKEKKKPNENFP,0,0
RKAIDEEKEKKKPNENFPPC,0,0
AIDEEKEKKKPNENFPPCMG,1,3
DEEKEKKKPNENFPPCMGVQ,0,0
EKEKKKPNENFPPCMGVQHI,80.5,0
EKKKPNENFPPCMGVQHIGI,5,0
KKPNENFPPCMGVQHIGIAK,0,1
PNENFPPCMGVQHIGIAKPQ,1,0
ENFPPCMGVQHIGIAKPQFI,0,0
FPPCMGVQHIGIAKPQFIRW,0,118
PCMGVQHIGIAKPQFIRWLE,3,2
MGVQHIGIAKPQFIRWLEEW,6.5,6
VQHIGIAKPQFIRWLEEWTN,2,0
HIGIAKPQFIRWLEEWTNEF,2,0
GIAKPQFIRWLEEWTNEFCE,0,1
AKPQFIRWLEEWTNEFCEKY,0,0
PQFIRWLEEWTNEFCEKYTK,3,0
FIRWLEEWTNEFCEKYTKYF,1,0
RWLEEWTNEFCEKYTKYFED,0,0
LEEWTNEFCEKYTKYFEDMK,0,1
EWTNEFCEKYTKYFEDMKSN,0,1
TNEFCEKYTKYFEDMKSNCN,0,0
EFCEKYTKYFEDMKSNCNLR,0,2.5
CEKYTKYFEDMKSNCNLRKG,7,6
KYTKYFEDMKSNCNLRKGAD,0,0
TKYFEDMKSNCNLRKGADDC,5,1
YFEDMKSNCNLRKGADDCDD,0,2
EDMKSNCNLRKGADDCDDNS,0,0
MKSNCNLRKGADDCDDNSNI,0,4
SNCNLRKGADDCDDNSNIEC,0,1
CNLRKGADDCDDNSNIECKK,0,0
LRKGADDCDDNSNIECKKAC,0,0
KGADDCDDNSNIECKKACAN,0,0
ADDCDDNSNIECKKACANYT,0,0
DCDDNSNIECKKACANYTNW,0,0
DDNSNIECKKACANYTNWLN,0,0
NSNIECKKACANYTNWLNPK,2,1
NIECKKACANYTNWLNPKRI,0,0
ECKKACANYTNWLNPKRIEW,0,0.5
KKACANYTNWLNPKRIEWNG,0,0
ACANYTNWLNPKRIEWNGMS,0.5,0
ANYTNWLNPKRIEWNGMSNY,0,2
YTNWLNPKRIEWNGMSNYYN,0,0
NWLNPKRIEWNGMSNYYNKI,0,0
LNPKRIEWNGMSNYYNKIYR,88,97.5
PKRIEWNGMSNYYNKIYRKS,103,198
RIEWNGMSNYYNKIYRKSNK,86.5,85
EWNGMSNYYNKIYRKSNKES,0,1
NGMSNYYNKIYRKSNKESED,0,0
MSNYYNKIYRKSNKESEDGK,0,2
NYYNKIYRKSNKESEDGKDY,5,0
YNKIYRKSNKESEDGKDYSM,1,2
KIYRKSNKESEDGKDYSMIM,0,0
YRKSNKESEDGKDYSMIMEP,0,1
KSNKESEDGKDYSMIMEPTV,0,0
NKESEDGKDYSMIMEPTVID,1,0
ESEDGKDYSMIMEPTVIDYL,9,10
EDGKDYSMIMEPTVIDYLNK,0,3
GKDYSMIMEPTVIDYLNKRC,0,0
DYSMIMEPTVIDYLNKRCNG,0,1
SMIMEPTVIDYLNKRCNGEI,2,89
IMEPTVIDYLNKRCNGEING,0,0
EPTVIDYLNKRCNGEINGNY,0,0
TVIDYLNKRCNGEINGNYIC,0,101.5
IDYLNKRCNGEINGNYICCS,0,0
YLNKRCNGEINGNYICCSCK,0,0
NKRCNGEINGNYICCSCKNI,0,0
RCNGEINGNYICCSCKNIGE,0,0
NGEINGNYICCSCKNIGENS,0,0
EINGNYICCSCKNIGENSTS,0,0
NGNYICCSCKNIGENSTSGT,3,1
NYICCSCKNIGENSTSGTVN,0,0
ICCSCKNIGENSTSGTVNKK,1,0
CSCKNIGENSTSGTVNKKLQ,3,0
CKNIGENSTSGTVNKKLQKK,0,0.5
NIGENSTSGTVNKKLQKKET,2,0
GENSTSGTVNKKLQKKETQC,3,3
NSTSGTVNKKLQKKETQCED,0,0
TSGTVNKKLQKKETQCEDNK,0,0
GTVNKKLQKKETQCEDNKGP,0,0
VNKKLQKKETQCEDNKGPLD,3,1
KKLQKKETQCEDNKGPLDLM,0,0
LQKKETQCEDNKGPLDLMNK,0,0
KKETQCEDNKGPLDLMNKVL,3,0
ETQCEDNKGPLDLMNKVLNK,0,0
QCEDNKGPLDLMNKVLNKMD,0,0
EDNKGPLDLMNKVLNKMDPK,0,0
NKGPLDLMNKVLNKMDPKYS,0,8
GPLDLMNKVLNKMDPKYSEH,0,8
LDLMNKVLNKMDPKYSEHKM,0,2
LMNKVLNKMDPKYSEHKMKC,3,1
NKVLNKMDPKYSEHKMKCTE,0,1
VLNKMDPKYSEHKMKCTEVY,0,2
NKMDPKYSEHKMKCTEVYLE,3,7
MDPKYSEHKMKCTEVYLEHV,3,1
PKYSEHKMKCTEVYLEHVEE,0,0
YSEHKMKCTEVYLEHVEEQL,0,0
EHKMKCTEVYLEHVEEQLKE,0,3
KMKCTEVYLEHVEEQLKEID,2,0
KCTEVYLEHVEEQLKEIDNA,0,0
TEVYLEHVEEQLKEIDNAIK,2,3
VYLEHVEEQLKEIDNAIKDY,0,0
LEHVEEQLKEIDNAIKDYKL,0,0
HVEEQLKEIDNAIKDYKLYP,0,1
EEQLKEIDNAIKDYKLYPLD,0,0
QLKEIDNAIKDYKLYPLDRC,0,1
KEIDNAIKDYKLYPLDRCFD,0,0
IDNAIKDYKLYPLDRCFDDK,0,0
NAIKDYKLYPLDRCFDDKSK,2,0
IKDYKLYPLDRCFDDKSKMK,0,0
DYKLYPLDRCFDDKSKMKVC,0,0
KLYPLDRCFDDKSKMKVCDL,2,2
YPLDRCFDDKSKMKVCDLIG,1,0
LDRCFDDKSKMKVCDLIGDA,2,0
RCFDDKSKMKVCDLIGDAIG,4,0
FDDKSKMKVCDLIGDAIGCK,0,0
DKSKMKVCDLIGDAIGCKHK,0,0
SKMKVCDLIGDAIGCKHKTK,7,5
MKVCDLIGDAIGCKHKTKLD,0,0.5
VCDLIGDAIGCKHKTKLDEL,0,0
DLIGDAIGCKHKTKLDELDE,0,1
IGDAIGCKHKTKLDELDEWN,5,0
DAIGCKHKTKLDELDEWNDV,0,0
IGCKHKTKLDELDEWNDVDM,0,0
CKHKTKLDELDEWNDVDMRD,0,0
HKTKLDELDEWNDVDMRDPY,0,80.5
TKLDELDEWNDVDMRDPYNK,106,1
LDELDEWNDVDMRDPYNKYK,0,89.5
ELDEWNDVDMRDPYNKYKGV,0,0
DEWNDVDMRDPYNKYKGVLI,1,52
WNDVDMRDPYNKYKGVLIPP,0,0
DVDMRDPYNKYKGVLIPPRR,0,103
DMRDPYNKYKGVLIPPRRRQ,0,0
RDPYNKYKGVLIPPRRRQLC,0,0
PYNKYKGVLIPPRRRQLCFS,0,1.5
NKYKGVLIPPRRRQLCFSRI,0,0
YKGVLIPPRRRQLCFSRIVR,0,0
GVLIPPRRRQLCFSRIVRGP,0,0
LIPPRRRQLCFSRIVRGPAN,0,0
PPRRRQLCFSRIVRGPANLR,0,0
RRRQLCFSRIVRGPANLRNL,3.5,2
RQLCFSRIVRGPANLRNLKE,0.5,0
LCFSRIVRGPANLRNLKEFK,0,0
FSRIVRGPANLRNLKEFKEE,0,0
RIVRGPANLRNLKEFKEEIL,0,0
VRGPANLRNLKEFKEEILKG,0,0
GPANLRNLKEFKEEILKGAQ,0,0
ANLRNLKEFKEEILKGAQSE,0,3
LRNLKEFKEEILKGAQSEGK,0,0
NLKEFKEEILKGAQSEGKFL,0,0
KEFKEEILKGAQSEGKFLGN,0,0
FKEEILKGAQSEGKFLGNYY,0,0
EEILKGAQSEGKFLGNYYNE,0,6
ILKGAQSEGKFLGNYYNEDK,5,8.5
KGAQSEGKFLGNYYNEDKDK,2,2
AQSEGKFLGNYYNEDKDKEK,0,5
SEGKFLGNYYNEDKDKEKAL,0,4
GKFLGNYYNEDKDKEKALEA,0,7
FLGNYYNEDKDKEKALEAMK,2,3.5
GNYYNEDKDKEKALEAMKNS,0,0
YYNEDKDKEKALEAMKNSFY,0,0
NEDKDKEKALEAMKNSFYDY,0,4
DKDKEKALEAMKNSFYDYEY,0,0
DKEKALEAMKNSFYDYEYII,0,0
EKALEAMKNSFYDYEYIIKG,0,0
ALEAMKNSFYDYEYIIKGSD,0,3
EAMKNSFYDYEYIIKGSDML,0.5,0
MKNSFYDYEYIIKGSDMLTN,3,1.5
NSFYDYEYIIKGSDMLTNIQ,0,0
FYDYEYIIKGSDMLTNIQFK,0,0
DYEYIIKGSDMLTNIQFKDI,0,0
EYIIKGSDMLTNIQFKDIKR,0,0
IIKGSDMLTNIQFKDIKRKL,2,0
KGSDMLTNIQFKDIKRKLDR,0,0
SDMLTNIQFKDIKRKLDRLL,0,0
MLTNIQFKDIKRKLDRLLEK,139,62
TNIQFKDIKRKLDRLLEKET,3,0
IQFKDIKRKLDRLLEKETNN,0,0
FKDIKRKLDRLLEKETNNTE,0,0
DIKRKLDRLLEKETNNTEKV,2,0
KRKLDRLLEKETNNTEKVDD,10,0
KLDRLLEKETNNTEKVDDWW,3,2
DRLLEKETNNTEKVDDWWET,0,0
LLEKETNNTEKVDDWWETNK,0,0
EKETNNTEKVDDWWETNKKS,0,1
ETNNTEKVDDWWETNKKSIW,0,87.5
NNTEKVDDWWETNKKSIWNA,0,0
TEKVDDWWETNKKSIWNAML,12.5,81.5
KVDDWWETNKKSIWNAMLCG,76.5,0
DDWWETNKKSIWNAMLCGYK,86,91
WWETNKKSIWNAMLCGYKKS,84,83
ETNKKSIWNAMLCGYKKSGN,1.5,96
NKKSIWNAMLCGYKKSGNKI,97,194
KSIWNAMLCGYKKSGNKIID,94,0
IWNAMLCGYKKSGNKIIDPS,100,0
NAMLCGYKKSGNKIIDPSWC,0,0
MLCGYKKSGNKIIDPSWCTI,0,0
CGYKKSGNKIIDPSWCTIPT,0,0
YKKSGNKIIDPSWCTIPTTE,0,0
KSGNKIIDPSWCTIPTTETP,0,0
GNKIIDPSWCTIPTTETPPQ,0,0
KIIDPSWCTIPTTETPPQFL,0,3
IDPSWCTIPTTETPPQFLRW,0,6.5
PSWCTIPTTETPPQFLRWIK,0,0
WCTIPTTETPPQFLRWIKEW,0,0
TIPTTETPPQFLRWIKEWGT,0,1
PTTETPPQFLRWIKEWGTNV,5,2
TETPPQFLRWIKEWGTNVCI,5,0
TPPQFLRWIKEWGTNVCIQK,0,0
PQFLRWIKEWGTNVCIQKEE,0,2
FLRWIKEWGTNVCIQKEEHK,0,0
RWIKEWGTNVCIQKEEHKEY,0,2
IKEWGTNVCIQKEEHKEYVK,1,1086.5
EWGTNVCIQKEEHKEYVKSK,111,195
GTNVCIQKEEHKEYVKSKCS,108,188.5
NVCIQKEEHKEYVKSKCSNV,9,75
CIQKEEHKEYVKSKCSNVTN,3,0
QKEEHKEYVKSKCSNVTNLG,0,0
EEHKEYVKSKCSNVTNLGAQ,0,0
HKEYVKSKCSNVTNLGAQES,0,2
EYVKSKCSNVTNLGAQESES,1,0
VKSKCSNVTNLGAQESESKN,0,0
SKCSNVTNLGAQESESKNCT,6,0
CSNVTNLGAQESESKNCTSE,0,3
NVTNLGAQESESKNCTSEIK,0,3
TNLGAQESESKNCTSEIKKY,0,2.5
LGAQESESKNCTSEIKKYQE,1,3
AQESESKNCTSEIKKYQEWS,0,0
ESESKNCTSEIKKYQEWSRK,7,82
ESKNCTSEIKKYQEWSRKRS,0,85
KNCTSEIKKYQEWSRKRSIQ,0,2
CTSEIKKYQEWSRKRSIQWE,0,0
SEIKKYQEWSRKRSIQWEAI,0,0
IKKYQEWSRKRSIQWEAISE,0,1
KYQEWSRKRSIQWEAISEGY,0,0
QEWSRKRSIQWEAISEGYKK,0,0
WSRKRSIQWEAISEGYKKYK,113,348
RKRSIQWEAISEGYKKYKGM,95,82
RSIQWEAISEGYKKYKGMDE,0,2
IQWEAISEGYKKYKGMDEFK,2,2.5
WEAISEGYKKYKGMDEFKNT,173,100
AISEGYKKYKGMDEFKNTFK,602,370.5
SEGYKKYKGMDEFKNTFKNI,85,87
GYKKYKGMDEFKNTFKNIKE,0,0
KKYKGMDEFKNTFKNIKEPD,0,0
YKGMDEFKNTFKNIKEPDAN,0,0
GMDEFKNTFKNIKEPDANEP,3.5,0
DEFKNTFKNIKEPDANEPNA,0,0
FKNTFKNIKEPDANEPNANE,0,0
NTFKNIKEPDANEPNANEYL,0,0
FKNIKEPDANEPNANEYLKK,0,76
NIKEPDANEPNANEYLKKHC,4.5,0
KEPDANEPNANEYLKKHCSK,79,0
PDANEPNANEYLKKHCSKCP,0,0
ANEPNANEYLKKHCSKCPCG,1,0
EPNANEYLKKHCSKCPCGFN,0,2
NANEYLKKHCSKCPCGFNDM,0,5
NEYLKKHCSKCPCGFNDMQE,0,0
YLKKHCSKCPCGFNDMQEIT,0,0
KKHCSKCPCGFNDMQEITKY,0,0
HCSKCPCGFNDMQEITKYTN,0,0
SKCPCGFNDMQEITKYTNIG,1,1
CPCGFNDMQEITKYTNIGNE,0,0
CGFNDMQEITKYTNIGNEAF,7,0
FNDMQEITKYTNIGNEAFKQ,0,0
DMQEITKYTNIGNEAFKQIK,0,48.5
QEITKYTNIGNEAFKQIKEQ,0,0
ITKYTNIGNEAFKQIKEQVD,0,1
KYTNIGNEAFKQIKEQVDIP,0,4
TNIGNEAFKQIKEQVDIPAE,0,0
IGNEAFKQIKEQVDIPAELE,0,0
NEAFKQIKEQVDIPAELEDV,3,7
AFKQIKEQVDIPAELEDVIY,0,2
KQIKEQVDIPAELEDVIYRL,1,0
IKEQVDIPAELEDVIYRLKH,0,0
EQVDIPAELEDVIYRLKHHE,0,0
VDIPAELEDVIYRLKHHEYD,0,0
IPAELEDVIYRLKHHEYDKG,2,0
AELEDVIYRLKHHEYDKGND,0,0
LEDVIYRLKHHEYDKGNDYI,0,0
DVIYRLKHHEYDKGNDYICN,0,0
IYRLKHHEYDKGNDYICNKY,0,0
RLKHHEYDKGNDYICNKYKN,0,0
KHHEYDKGNDYICNKYKNIN,4,0
HEYDKGNDYICNKYKNINVN,0,0
YDKGNDYICNKYKNINVNMK,5,4
KGNDYICNKYKNINVNMKKN,0,0
NDYICNKYKNINVNMKKNND,0,4
YICNKYKNINVNMKKNNDDT,0,0
CNKYKNINVNMKKNNDDTWT,1,1
KYKNINVNMKKNNDDTWTDL,0,0
KNINVNMKKNNDDTWTDLVK,0,0
INVNMKKNNDDTWTDLVKNS,0,0
VNMKKNNDDTWTDLVKNSSD,0,0
MKKNNDDTWTDLVKNSSDIN,0,0
KNNDDTWTDLVKNSSDINKG,0,0
NDDTWTDLVKNSSDINKGVL,3,2
DTWTDLVKNSSDINKGVLLP,0,0
WTDLVKNSSDINKGVLLPPR,0,2
DLVKNSSDINKGVLLPPRRK,0,4
VKNSSDINKGVLLPPRRKNL,0,0
NSSDINKGVLLPPRRKNLFL,3,0
SDINKGVLLPPRRKNLFLKI,0,0
INKGVLLPPRRKNLFLKIDE,1,0
KGVLLPPRRKNLFLKIDESD,0,0.5
VLLPPRRKNLFLKIDESDIC,0,0
LPPRRKNLFLKIDESDICKY,0,1
PRRKNLFLKIDESDICKYKR,1412,2402
RKNLFLKIDESDICKYKRDP,69,67
NLFLKIDESDICKYKRDPKL,71,155
FLKIDESDICKYKRDPKLFK,679,210.5
KIDESDICKYKRDPKLFKDF,0,0
DESDICKYKRDPKLFKDFIY,0,0
SDICKYKRDPKLFKDFIYSS,71,158
ICKYKRDPKLFKDFIYSSAI,5,0
KYKRDPKLFKDFIYSSAISE,92,86
KRDPKLFKDFIYSSAISEVE,0,0
DPKLFKDFIYSSAISEVERL,0,0
KLFKDFIYSSAISEVERLKK,7,0
FKDFIYSSAISEVERLKKVY,0,1
DFIYSSAISEVERLKKVYGE,3.5,0
IYSSAISEVERLKKVYGEAK,3,3
SSAISEVERLKKVYGEAKTK,100.5,630.5
AISEVERLKKVYGEAKTKVV,64,79
SEVERLKKVYGEAKTKVVHA,81,81
VERLKKVYGEAKTKVVHAMK,205.5,90
RLKKVYGEAKTKVVHAMKYS,70,89
KKVYGEAKTKVVHAMKYSFA,80.5,0
VYGEAKTKVVHAMKYSFADI,0,0
GEAKTKVVHAMKYSFADIGS,0,0
AKTKVVHAMKYSFADIGSII,101,0
TKVVHAMKYSFADIGSIIKG,10.5,54.5
VVHAMKYSFADIGSIIKGDD,5,0
HAMKYSFADIGSIIKGDDMM,0,0
MKYSFADIGSIIKGDDMMEN,0,0
YSFADIGSIIKGDDMMENNS,3,5
FADIGSIIKGDDMMENNSSD,0,0
DIGSIIKGDDMMENNSSDKI,1,0
GSIIKGDDMMENNSSDKIGK,0,0
IIKGDDMMENNSSDKIGKIL,0,0
KGDDMMENNSSDKIGKILGD,0,2
DDMMENNSSDKIGKILGDGV,5,5.5
MMENNSSDKIGKILGDGVGQ,0,8
ENNSSDKIGKILGDGVGQNE,0,6
NSSDKIGKILGDGVGQNEKR,0,2
SDKIGKILGDGVGQNEKRKK,0,0
KIGKILGDGVGQNEKRKKWW,0,0
GKILGDGVGQNEKRKKWWDM,105.5,9
ILGDGVGQNEKRKKWWDMNK,2,6
GDGVGQNEKRKKWWDMNKYH,2,4
GVGQNEKRKKWWDMNKYHIW,1,0
GQNEKRKKWWDMNKYHIWES,2,0
NEKRKKWWDMNKYHIWESML,0,4
KRKKWWDMNKYHIWESMLCG,2,94.5
KKWWDMNKYHIWESMLCGYK,0,0
WWDMNKYHIWESMLCGYKHA,2.5,0
DMNKYHIWESMLCGYKHAYG,6,1
NKYHIWESMLCGYKHAYGNI,0,7
YHIWESMLCGYKHAYGNISE,0,5
IWESMLCGYKHAYGNISEND,0,0
ESMLCGYKHAYGNISENDRK,0,0
MLCGYKHAYGNISENDRKML,0,1
CGYKHAYGNISENDRKMLDI,2,0
YKHAYGNISENDRKMLDIPN,4,0
HAYGNISENDRKMLDIPNND,0,0
YGNISENDRKMLDIPNNDDE,0,0
NISENDRKMLDIPNNDDEHQ,0,0
SENDRKMLDIPNNDDEHQFL,0,0
NDRKMLDIPNNDDEHQFLRW,8,0
RKMLDIPNNDDEHQFLRWFQ,4,4
MLDIPNNDDEHQFLRWFQEW,5,3.5
DIPNNDDEHQFLRWFQEWTE,0,0
PNNDDEHQFLRWFQEWTENF,0,1
NDDEHQFLRWFQEWTENFCT,0,0
DEHQFLRWFQEWTENFCTKR,0,0
HQFLRWFQEWTENFCTKRNE,0,0
FLRWFQEWTENFCTKRNELY,0,1
RWFQEWTENFCTKRNELYEN,0,0
FQEWTENFCTKRNELYENMV,0,0
EWTENFCTKRNELYENMVTA,0,5
TENFCTKRNELYENMVTACN,0,0.5
NFCTKRNELYENMVTACNSA,0,0
CTKRNELYENMVTACNSAKC,0,0
KRNELYENMVTACNSAKCNT,0,0
NELYENMVTACNSAKCNTSN,0,0
LYENMVTACNSAKCNTSNGS,4,0
ENMVTACNSAKCNTSNGSVD,5,0
MVTACNSAKCNTSNGSVDKK,0,0
TACNSAKCNTSNGSVDKKEC,0,3
CNSAKCNTSNGSVDKKECTE,0,0
SAKCNTSNGSVDKKECTEAC,0,2.5
KCNTSNGSVDKKECTEACKN,0,0
NTSNGSVDKKECTEACKNYS,1.5,0
SNGSVDKKECTEACKNYSNF,0,0
GSVDKKECTEACKNYSNFIL,0,2.5
VDKKECTEACKNYSNFILIK,0,2
KKECTEACKNYSNFILIKKK,0,0
ECTEACKNYSNFILIKKKEY,0,3
TEACKNYSNFILIKKKEYQS,0,0
ACKNYSNFILIKKKEYQSLN,0,0
KNYSNFILIKKKEYQSLNSQ,0,0
YSNFILIKKKEYQSLNSQYD,0,0
NFILIKKKEYQSLNSQYDMN,0,0
ILIKKKEYQSLNSQYDMNYK,0,0
IKKKEYQSLNSQYDMNYKET,0,0
KKEYQSLNSQYDMNYKETKA,0,2
EYQSLNSQYDMNYKETKAEK,0,2
QSLNSQYDMNYKETKAEKKE,0,0
LNSQYDMNYKETKAEKKESP,1,0
SQYDMNYKETKAEKKESPEY,0,0
YDMNYKETKAEKKESPEYFK,1,0
MNYKETKAEKKESPEYFKDK,8,0
YKETKAEKKESPEYFKDKCN,0,0
ETKAEKKESPEYFKDKCNGE,0,1
KAEKKESPEYFKDKCNGECS,0,1.5
EKKESPEYFKDKCNGECSCL,0,0
KESPEYFKDKCNGECSCLSE,0,2
SPEYFKDKCNGECSCLSEYF,0,2
EYFKDKCNGECSCLSEYFKD,0,1
FKDKCNGECSCLSEYFKDET,0,0.5
DKCNGECSCLSEYFKDETRW,6.5,0
CNGECSCLSEYFKDETRWKN,0,1
GECSCLSEYFKDETRWKNPY,0,0
CSCLSEYFKDETRWKNPYET,0,0
CLSEYFKDETRWKNPYETLD,0,3
SEYFKDETRWKNPYETLDDT,0,0
YFKDETRWKNPYETLDDTEV,0,1
KDETRWKNPYETLDDTEVKN,0,2
ETRWKNPYETLDDTEVKNNC,0,1
RWKNPYETLDDTEVKNNCMC,0,0
KNPYETLDDTEVKNNCMCKP,0,2
PYETLDDTEVKNNCMCKPPP,0,5
ETLDDTEVKNNCMCKPPPPA,3,0
LDDTEVKNNCMCKPPPPASN,0,0
DTEVKNNCMCKPPPPASNNT,0,0
EVKNNCMCKPPPPASNNTSD,1,0
KNNCMCKPPPPASNNTSDIL,0,0
NCMCKPPPPASNNTSDILQK,0,0
MCKPPPPASNNTSDILQKTI,0,0
KPPPPASNNTSDILQKTIPG,0,0
PPPASNNTSDILQKTIPGSG,3.5,0
PASNNTSDILQKTIPGSGSG,0,2
SNNTSDILQKTIPGSGSGSG,0,0
